{
  "window": 10,
  "drop_covid": true,
  "pooled_trends": {
    "presenze_str": {
      "mu": 5.857843565856065,
      "tau2": 0.0,
      "by_code": {
        "ITC1": {
          "raw": 5.4422761752461675,
          "shrunk": 5.857843565856065,
          "weight": 0.0
        },
        "ITC2": {
          "raw": 4.281142866734797,
          "shrunk": 5.857843565856065,
          "weight": 0.0
        },
        "ITC3": {
          "raw": 6.479446155023719,
          "shrunk": 5.857843565856065,
          "weight": 0.0
        },
        "ITC4": {
          "raw": 6.760265722890624,
          "shrunk": 5.857843565856065,
          "weight": 0.0
        },
        "ITD1": {
          "raw": 4.813703321558794,
          "shrunk": 5.857843565856065,
          "weight": 0.0
        },
        "ITD2": {
          "raw": 5.3576097679356565,
          "shrunk": 5.857843565856065,
          "weight": 0.0
        },
        "ITD3": {
          "raw": 3.7991304748027797,
          "shrunk": 5.857843565856065,
          "weight": 0.0
        },
        "ITD4": {
          "raw": 5.233888855588534,
          "shrunk": 5.857843565856065,
          "weight": 0.0
        },
        "ITD5": {
          "raw": 5.499357839196666,
          "shrunk": 5.857843565856065,
          "weight": 0.0
        },
        "ITE1": {
          "raw": 3.6788942719791558,
          "shrunk": 5.857843565856065,
          "weight": 0.0
        },
        "ITE2": {
          "raw": 5.8234725237255995,
          "shrunk": 5.857843565856065,
          "weight": 0.0
        },
        "ITE3": {
          "raw": 3.9872048587410744,
          "shrunk": 5.857843565856065,
          "weight": 0.0
        },
        "ITE4": {
          "raw": 13.061091659178247,
          "shrunk": 5.857843565856065,
          "weight": 0.0
        },
        "ITF1": {
          "raw": 9.077147434216052,
          "shrunk": 5.857843565856065,
          "weight": 0.0
        },
        "ITF2": {
          "raw": 7.3864740542033,
          "shrunk": 5.857843565856065,
          "weight": 0.0
        },
        "ITF3": {
          "raw": 6.183594957027634,
          "shrunk": 5.857843565856065,
          "weight": 0.0
        },
        "ITF4": {
          "raw": 11.97496072174456,
          "shrunk": 5.857843565856065,
          "weight": 0.0
        },
        "ITF5": {
          "raw": 10.31381465704165,
          "shrunk": 5.857843565856065,
          "weight": 0.0
        },
        "ITF6": {
          "raw": -5.192335852493703,
          "shrunk": 5.857843565856065,
          "weight": 0.0
        },
        "ITG1": {
          "raw": 6.5698848131599386,
          "shrunk": 5.857843565856065,
          "weight": 0.0
        },
        "ITG2": {
          "raw": 2.483689605476095,
          "shrunk": 5.857843565856065,
          "weight": 0.0
        }
      }
    },
    "spesa": {
      "mu": 5.094920300218169,
      "tau2": 7.181926441632812,
      "by_code": {
        "ITC1": {
          "raw": 1.6887628935379304,
          "shrunk": 3.077983251419055,
          "weight": 0.5921444043788018
        },
        "ITC2": {
          "raw": -0.5450162070472803,
          "shrunk": 2.566620773927788,
          "weight": 0.4482851044570073
        },
        "ITC3": {
          "raw": 1.5214191470329568,
          "shrunk": 2.489544132271702,
          "weight": 0.729082223920422
        },
        "ITC4": {
          "raw": 5.125288679603086,
          "shrunk": 5.115294918291959,
          "weight": 0.6709155538247216
        },
        "ITD1": {
          "raw": 6.544439387710438,
          "shrunk": 6.067232617989597,
          "weight": 0.6707826934887561
        },
        "ITD2": {
          "raw": 6.544439387710438,
          "shrunk": 6.067232617989597,
          "weight": 0.6707826934887561
        },
        "ITD3": {
          "raw": 2.1750834204190856,
          "shrunk": 3.127855176991006,
          "weight": 0.6736900738655367
        },
        "ITD4": {
          "raw": 5.586112420076434,
          "shrunk": 5.451297455510875,
          "weight": 0.7255351641136666
        },
        "ITD5": {
          "raw": 3.4773794168925525,
          "shrunk": 3.827820787354577,
          "weight": 0.7833492964075643
        },
        "ITE1": {
          "raw": 1.6666490706525607,
          "shrunk": 3.2287543876499316,
          "weight": 0.5443460530410532
        },
        "ITE2": {
          "raw": 2.6772258529597637,
          "shrunk": 3.563767647434,
          "weight": 0.6333110681213051
        },
        "ITE3": {
          "raw": 5.360735840349425,
          "shrunk": 5.260147440306345,
          "weight": 0.6215857056611134
        },
        "ITE4": {
          "raw": 3.430609134503483,
          "shrunk": 4.33024231375648,
          "weight": 0.4594561415042375
        },
        "ITF1": {
          "raw": 2.2576946566716343,
          "shrunk": 3.439372770546619,
          "weight": 0.5835092931142811
        },
        "ITF2": {
          "raw": 9.173984829681807,
          "shrunk": 6.554204035253696,
          "weight": 0.3577496076600217
        },
        "ITF3": {
          "raw": 6.010519979707171,
          "shrunk": 5.631011201415693,
          "weight": 0.5855079607462482
        },
        "ITF4": {
          "raw": 13.171793946464883,
          "shrunk": 11.097353473111534,
          "weight": 0.7431629409830707
        },
        "ITF5": {
          "raw": 7.6655810129583415,
          "shrunk": 6.649243336786166,
          "weight": 0.6046395111049799
        },
        "ITF6": {
          "raw": 7.760626659662161,
          "shrunk": 6.0270332063205405,
          "weight": 0.3496682606469793
        },
        "ITG1": {
          "raw": 3.388406025334424,
          "shrunk": 4.245911518728462,
          "weight": 0.49751050664228674
        },
        "ITG2": {
          "raw": 12.311590749700239,
          "shrunk": 9.591246684981027,
          "weight": 0.6230472094074289
        }
      }
    },
    "viaggiatori": {
      "mu": -0.4621583408393492,
      "tau2": 13.204408878022564,
      "by_code": {
        "ITC1": {
          "raw": -5.852398543176178,
          "shrunk": -3.884221791812486,
          "weight": 0.6348628859785452
        },
        "ITC2": {
          "raw": -5.871460960079265,
          "shrunk": -3.0979677723513115,
          "weight": 0.487273428211774
        },
        "ITC3": {
          "raw": -3.8165659335978304,
          "shrunk": -3.00618432316031,
          "weight": 0.7584128976493559
        },
        "ITC4": {
          "raw": -4.482100706493185,
          "shrunk": -3.5207706227584556,
          "weight": 0.7608597347195124
        },
        "ITD1": {
          "raw": -3.361607383553923,
          "shrunk": -2.8937941310053006,
          "weight": 0.8386544320466353
        },
        "ITD2": {
          "raw": -3.361607383553923,
          "shrunk": -2.8937941310053006,
          "weight": 0.8386544320466353
        },
        "ITD3": {
          "raw": -2.8408517580998076,
          "shrunk": -2.3474975116815977,
          "weight": 0.7925944374174937
        },
        "ITD4": {
          "raw": -0.8869809585103263,
          "shrunk": -0.8070190963643451,
          "weight": 0.8117758828746937
        },
        "ITD5": {
          "raw": -0.523923971588186,
          "shrunk": -0.5133555428688711,
          "weight": 0.8288946685853446
        },
        "ITE1": {
          "raw": -1.9147591120071652,
          "shrunk": -1.4721034520929492,
          "weight": 0.6952668147364788
        },
        "ITE2": {
          "raw": -2.8650668089250293,
          "shrunk": -2.0537746612885743,
          "weight": 0.6623707650908629
        },
        "ITE3": {
          "raw": -1.7772507428489945,
          "shrunk": -1.4663843474152336,
          "weight": 0.7636163094253198
        },
        "ITE4": {
          "raw": -1.0737921590684194,
          "shrunk": -0.8089935016413886,
          "weight": 0.5670634135409139
        },